"date","update","new_case","total_case","new_death","total_death","Population"
2020-01-12,77,1,1,0,0,68977400
2020-01-13,154,0,1,0,0,68977400
2020-01-14,231,0,1,0,0,68977400
2020-01-15,308,0,1,0,0,68977400
2020-01-16,385,0,1,0,0,68977400
2020-01-17,462,1,2,0,0,68977400
2020-01-18,539,0,2,0,0,68977400
2020-01-19,616,0,2,0,0,68977400
2020-01-20,693,0,2,0,0,68977400
2020-01-21,770,0,2,0,0,68977400
2020-01-22,847,2,4,0,0,68977400
2020-01-23,924,0,4,0,0,68977400
2020-01-24,1001,1,5,0,0,68977400
2020-01-25,1078,1,6,0,0,68977400
2020-01-26,1155,2,8,0,0,68977400
2020-01-27,1232,0,8,0,0,68977400
2020-01-28,1309,6,14,0,0,68977400
2020-01-29,1386,0,14,0,0,68977400
2020-01-30,1463,0,14,0,0,68977400
2020-01-31,1540,5,19,0,0,68977400
2020-02-01,1617,0,19,0,0,68977400
2020-02-02,1694,0,19,0,0,68977400
2020-02-03,1771,0,19,0,0,68977400
2020-02-04,1848,6,25,0,0,68977400
2020-02-05,1925,0,25,0,0,68977400
2020-02-06,2002,0,25,0,0,68977400
2020-02-07,2079,0,25,0,0,68977400
2020-02-08,2156,7,32,0,0,68977400
2020-02-09,2233,0,32,0,0,68977400
2020-02-10,2310,0,32,0,0,68977400
2020-02-11,2387,1,33,0,0,68977400
2020-02-12,2464,0,33,0,0,68977400
2020-02-13,2541,0,33,0,0,68977400
2020-02-14,2618,0,33,0,0,68977400
2020-02-15,2695,1,34,0,0,68977400
2020-02-16,2772,0,34,0,0,68977400
2020-02-17,2849,1,35,0,0,68977400
2020-02-18,2926,0,35,0,0,68977400
2020-02-19,3003,0,35,0,0,68977400
2020-02-20,3080,0,35,0,0,68977400
2020-02-21,3157,0,35,0,0,68977400
2020-02-22,3234,0,35,0,0,68977400
2020-02-23,3311,0,35,0,0,68977400
2020-02-24,3388,0,35,0,0,68977400
2020-02-25,3465,2,37,0,0,68977400
2020-02-26,3542,3,40,0,0,68977400
2020-02-27,3619,0,40,0,0,68977400
2020-02-28,3696,1,41,0,0,68977400
2020-02-29,3773,1,42,0,0,68977400
2020-03-01,3850,0,42,1,1,68977400
2020-03-02,3927,1,43,0,1,68977400
2020-03-03,4004,0,43,0,1,68977400
2020-03-04,4081,0,43,0,1,68977400
2020-03-05,4158,4,47,0,1,68977400
2020-03-06,4235,1,48,0,1,68977400
2020-03-07,4312,2,50,0,1,68977400
2020-03-08,4389,0,50,0,1,68977400
2020-03-09,4466,0,50,0,1,68977400
2020-03-10,4543,3,53,0,1,68977400
2020-03-11,4620,6,59,0,1,68977400
2020-03-12,4697,13,72,0,1,68977400
2020-03-13,4774,3,75,0,1,68977400
2020-03-14,4851,7,82,0,1,68977400
2020-03-15,4928,32,114,0,1,68977400
2020-03-16,5005,33,147,0,1,68977400
2020-03-17,5082,30,177,0,1,68977400
2020-03-18,5159,35,212,0,1,68977400
2020-03-19,5236,60,272,0,1,68977400
2020-03-20,5313,50,322,0,1,68977400
2020-03-21,5390,89,411,0,1,68977400
2020-03-22,5467,188,599,0,1,68977400
2020-03-23,5544,122,721,0,1,68977400
2020-03-24,5621,106,827,4,5,68977400
2020-03-25,5698,107,934,0,5,68977400
2020-03-26,5775,111,1045,0,5,68977400
2020-03-27,5852,91,1136,0,5,68977400
2020-03-28,5929,108,1244,1,6,68977400
2020-03-29,6006,141,1385,1,7,68977400
2020-03-30,6083,138,1523,2,9,68977400
2020-03-31,6160,128,1651,1,10,68977400
2020-04-01,6237,120,1771,2,12,68977400
2020-04-02,6314,104,1875,3,15,68977400
2020-04-03,6391,103,1978,4,19,68977400
2020-04-04,6468,89,2067,1,20,68977400
2020-04-05,6545,102,2169,3,23,68977400
2020-04-06,6622,51,2220,3,26,68977400
2020-04-07,6699,38,2258,1,27,68977400
2020-04-08,6776,111,2369,5,32,68977400
2020-04-09,6853,54,2423,0,32,68977400
2020-04-10,6930,50,2473,1,33,68977400
2020-04-11,7007,45,2518,2,35,68977400
2020-04-12,7084,33,2551,3,38,68977400
2020-04-13,7161,28,2579,2,40,68977400
2020-04-14,7238,34,2613,1,41,68977400
2020-04-15,7315,30,2643,2,43,68977400
2020-04-16,7392,29,2672,3,46,68977400
2020-04-17,7469,28,2700,1,47,68977400
2020-04-18,7546,33,2733,0,47,68977400
2020-04-19,7623,32,2765,0,47,68977400
2020-04-20,7700,27,2792,0,47,68977400
2020-04-21,7777,19,2811,2,49,68977400
2020-04-22,7854,15,2826,0,49,68977400
2020-04-23,7931,13,2839,1,50,68977400
2020-04-24,8008,15,2854,0,50,68977400
2020-04-25,8085,53,2907,1,51,68977400
2020-04-26,8162,15,2922,0,51,68977400
2020-04-27,8239,9,2931,1,52,68977400
2020-04-28,8316,7,2938,2,54,68977400
2020-04-29,8393,9,2947,0,54,68977400
2020-04-30,8470,7,2954,0,54,68977400
2020-05-01,8547,6,2960,0,54,68977400
2020-05-02,8624,6,2966,0,54,68977400
2020-05-03,8701,3,2969,0,54,68977400
2020-05-04,8778,18,2987,0,54,68977400
2020-05-05,8855,1,2988,0,54,68977400
2020-05-06,8932,1,2989,1,55,68977400
2020-05-07,9009,3,2992,0,55,68977400
2020-05-08,9086,8,3000,0,55,68977400
2020-05-09,9163,4,3004,1,56,68977400
2020-05-10,9240,5,3009,0,56,68977400
2020-05-11,9317,6,3015,0,56,68977400
2020-05-12,9394,2,3017,0,56,68977400
2020-05-13,9471,0,3017,0,56,68977400
2020-05-14,9548,1,3018,0,56,68977400
2020-05-15,9625,7,3025,0,56,68977400
2020-05-16,9702,0,3025,0,56,68977400
2020-05-17,9779,3,3028,0,56,68977400
2020-05-18,9856,3,3031,0,56,68977400
2020-05-19,9933,2,3033,0,56,68977400
2020-05-20,10010,1,3034,0,56,68977400
2020-05-21,10087,3,3037,0,56,68977400
2020-05-22,10164,0,3037,0,56,68977400
2020-05-23,10241,3,3040,0,56,68977400
2020-05-24,10318,0,3040,1,57,68977400
2020-05-25,10395,2,3042,0,57,68977400
2020-05-26,10472,3,3045,0,57,68977400
2020-05-27,10549,9,3054,0,57,68977400
2020-05-28,10626,11,3065,0,57,68977400
2020-05-29,10703,11,3076,0,57,68977400
2020-05-30,10780,1,3077,0,57,68977400
2020-05-31,10857,4,3081,0,57,68977400
2020-06-01,10934,1,3082,0,57,68977400
2020-06-02,11011,1,3083,1,58,68977400
2020-06-03,11088,1,3084,0,58,68977400
2020-06-04,11165,17,3101,0,58,68977400
2020-06-05,11242,1,3102,0,58,68977400
2020-06-06,11319,2,3104,0,58,68977400
2020-06-07,11396,8,3112,0,58,68977400
2020-06-08,11473,7,3119,0,58,68977400
2020-06-09,11550,2,3121,0,58,68977400
2020-06-10,11627,4,3125,0,58,68977400
2020-06-11,11704,0,3125,0,58,68977400
2020-06-12,11781,4,3129,0,58,68977400
2020-06-13,11858,5,3134,0,58,68977400
2020-06-14,11935,1,3135,0,58,68977400
2020-06-15,12012,0,3135,0,58,68977400
2020-06-16,12089,0,3135,0,58,68977400
2020-06-17,12166,0,3135,0,58,68977400
2020-06-18,12243,6,3141,0,58,68977400
2020-06-19,12320,5,3146,0,58,68977400
2020-06-20,12397,1,3147,0,58,68977400
2020-06-21,12474,1,3148,0,58,68977400
2020-06-22,12551,3,3151,0,58,68977400
2020-06-23,12628,5,3156,0,58,68977400
2020-06-24,12705,1,3157,0,58,68977400
2020-06-25,12782,1,3158,0,58,68977400
2020-06-26,12859,4,3162,0,58,68977400
2020-06-27,12936,0,3162,0,58,68977400
2020-06-28,13013,0,3162,0,58,68977400
2020-06-29,13090,7,3169,0,58,68977400
2020-06-30,13167,2,3171,0,58,68977400
2020-07-01,13244,2,3173,0,58,68977400
2020-07-02,13321,6,3179,0,58,68977400
2020-07-03,13398,1,3180,0,58,68977400
2020-07-04,13475,5,3185,0,58,68977400
2020-07-05,13552,5,3190,0,58,68977400
2020-07-06,13629,5,3195,0,58,68977400
2020-07-07,13706,0,3195,0,58,68977400
2020-07-08,13783,2,3197,0,58,68977400
2020-07-09,13860,5,3202,0,58,68977400
2020-07-10,13937,0,3202,0,58,68977400
2020-07-11,14014,14,3216,0,58,68977400
2020-07-12,14091,1,3217,0,58,68977400
2020-07-13,14168,2,3219,0,58,68977400
2020-07-14,14245,7,3226,0,58,68977400
2020-07-15,14322,5,3231,0,58,68977400
2020-07-16,14399,4,3235,0,58,68977400
2020-07-17,14476,3,3238,0,58,68977400
2020-07-18,14553,7,3245,0,58,68977400
2020-07-19,14630,3,3248,0,58,68977400
2020-07-20,14707,1,3249,0,58,68977400
2020-07-21,14784,5,3254,0,58,68977400
2020-07-22,14861,6,3260,0,58,68977400
2020-07-23,14938,8,3268,0,58,68977400
2020-07-24,15015,10,3278,0,58,68977400
2020-07-25,15092,3,3281,0,58,68977400
2020-07-26,15169,9,3290,0,58,68977400
2020-07-27,15246,4,3294,0,58,68977400
2020-07-28,15323,2,3296,0,58,68977400
2020-07-29,15400,1,3297,0,58,68977400
2020-07-30,15477,6,3303,0,58,68977400
2020-07-31,15554,6,3309,0,58,68977400
2020-08-01,15631,2,3311,0,58,68977400
2020-08-02,15708,5,3316,0,58,68977400
2020-08-03,15785,3,3319,0,58,68977400
2020-08-04,15862,1,3320,0,58,68977400
2020-08-05,15939,7,3327,0,58,68977400
2020-08-06,16016,2,3329,0,58,68977400
2020-08-07,16093,15,3344,0,58,68977400
2020-08-08,16170,3,3347,0,58,68977400
2020-08-09,16247,3,3350,0,58,68977400
2020-08-10,16324,0,3350,0,58,68977400
2020-08-11,16401,0,3350,0,58,68977400
2020-08-12,16478,5,3355,0,58,68977400
2020-08-13,16555,3,3358,0,58,68977400
2020-08-14,16632,17,3375,0,58,68977400
2020-08-15,16709,0,3375,0,58,68977400
2020-08-16,16786,1,3376,0,58,68977400
2020-08-17,16863,1,3377,0,58,68977400
2020-08-18,16940,3,3380,0,58,68977400
2020-08-19,17017,1,3381,0,58,68977400
2020-08-20,17094,7,3388,0,58,68977400
2020-08-21,17171,1,3389,0,58,68977400
2020-08-22,17248,0,3389,0,58,68977400
2020-08-23,17325,5,3394,0,58,68977400
2020-08-24,17402,2,3396,0,58,68977400
2020-08-25,17479,5,3401,0,58,68977400
2020-08-26,17556,1,3402,0,58,68977400
2020-08-27,17633,1,3403,0,58,68977400
2020-08-28,17710,6,3409,0,58,68977400
2020-08-29,17787,1,3410,0,58,68977400
2020-08-30,17864,0,3410,0,58,68977400
2020-08-31,17941,1,3411,0,58,68977400
2020-09-01,18018,5,3416,0,58,68977400
2020-09-02,18095,8,3424,0,58,68977400
2020-09-03,18172,2,3426,0,58,68977400
2020-09-04,18249,4,3430,0,58,68977400
2020-09-05,18326,7,3437,0,58,68977400
2020-09-06,18403,6,3443,0,58,68977400
2020-09-07,18480,1,3444,0,58,68977400
2020-09-08,18557,1,3445,0,58,68977400
2020-09-09,18634,1,3446,0,58,68977400
2020-09-10,18711,7,3453,0,58,68977400
2020-09-11,18788,7,3460,0,58,68977400
2020-09-12,18865,5,3465,0,58,68977400
2020-09-13,18942,7,3472,0,58,68977400
2020-09-14,19019,2,3474,0,58,68977400
2020-09-15,19096,5,3479,0,58,68977400
2020-09-16,19173,10,3489,0,58,68977400
2020-09-17,19250,0,3489,0,58,68977400
2020-09-18,19327,7,3496,1,59,68977400
2020-09-19,19404,3,3499,0,59,68977400
2020-09-20,19481,6,3505,0,59,68977400
2020-09-21,19558,0,3505,0,59,68977400
2020-09-22,19635,5,3510,0,59,68977400
2020-09-23,19712,3,3513,0,59,68977400
2020-09-24,19789,2,3515,0,59,68977400
2020-09-25,19866,3,3518,0,59,68977400
2020-09-26,19943,3,3521,0,59,68977400
2020-09-27,20020,1,3522,0,59,68977400
2020-09-28,20097,22,3544,0,59,68977400
2020-09-29,20174,14,3558,0,59,68977400
2020-09-30,20251,5,3563,0,59,68977400
2020-10-01,20328,5,3568,0,59,68977400
2020-10-02,20405,6,3574,0,59,68977400
2020-10-03,20482,8,3582,0,59,68977400
2020-10-04,20559,2,3584,0,59,68977400
2020-10-05,20636,5,3589,0,59,68977400
2020-10-06,20713,10,3599,0,59,68977400
2020-10-07,20790,15,3614,0,59,68977400
2020-10-08,20867,7,3621,0,59,68977400
2020-10-09,20944,6,3627,0,59,68977400
2020-10-10,21021,6,3633,0,59,68977400
2020-10-11,21098,2,3635,0,59,68977400
2020-10-12,21175,5,3640,0,59,68977400
2020-10-13,21252,2,3642,0,59,68977400
2020-10-14,21329,9,3651,0,59,68977400
2020-10-15,21406,10,3661,0,59,68977400
2020-10-16,21483,4,3665,0,59,68977400
2020-10-17,21560,10,3675,0,59,68977400
2020-10-18,21637,7,3682,0,59,68977400
2020-10-19,21714,5,3687,0,59,68977400
2020-10-20,21791,9,3696,0,59,68977400
2020-10-21,21868,9,3705,0,59,68977400
2020-10-22,21945,10,3715,0,59,68977400
2020-10-23,22022,8,3723,0,59,68977400
2020-10-24,22099,4,3727,0,59,68977400
2020-10-25,22176,5,3732,0,59,68977400
2020-10-26,22253,7,3739,0,59,68977400
2020-10-27,22330,3,3742,0,59,68977400
2020-10-28,22407,12,3754,0,59,68977400
2020-10-29,22484,5,3759,0,59,68977400
2020-10-30,22561,12,3771,0,59,68977400
2020-10-31,22638,5,3776,0,59,68977400
2020-11-01,22715,4,3780,0,59,68977400
2020-11-02,22792,3,3783,0,59,68977400
2020-11-03,22869,10,3793,0,59,68977400
2020-11-04,22946,7,3800,0,59,68977400
2020-11-05,23023,5,3805,0,59,68977400
2020-11-06,23100,5,3810,1,60,68977400
2020-11-07,23177,10,3820,0,60,68977400
2020-11-08,23254,6,3826,0,60,68977400
2020-11-09,23331,3,3829,0,60,68977400
2020-11-10,23408,4,3833,0,60,68977400
2020-11-11,23485,3,3836,0,60,68977400
2020-11-12,23562,5,3841,0,60,68977400
2020-11-13,23639,9,3850,0,60,68977400
2020-11-14,23716,5,3855,0,60,68977400
2020-11-15,23793,8,3863,0,60,68977400
2020-11-16,23870,1,3864,0,60,68977400
2020-11-17,23947,3,3867,0,60,68977400
2020-11-18,24024,2,3869,0,60,68977400
2020-11-19,24101,8,3877,0,60,68977400
2020-11-20,24178,4,3881,0,60,68977400
2020-11-21,24255,10,3891,0,60,68977400
2020-11-22,24332,11,3902,0,60,68977400
2020-11-23,24409,7,3909,0,60,68977400
2020-11-24,24486,2,3911,0,60,68977400
2020-11-25,24563,4,3915,0,60,68977400
2020-11-26,24640,16,3931,0,60,68977400
2020-11-27,24717,19,3950,0,60,68977400
2020-11-28,24794,5,3955,0,60,68977400
2020-11-29,24871,11,3966,0,60,68977400
2020-11-30,24948,21,3987,0,60,68977400
2020-12-01,25025,10,3997,0,60,68977400
2020-12-02,25102,18,4015,0,60,68977400
2020-12-03,25179,13,4028,0,60,68977400
2020-12-04,25256,14,4042,0,60,68977400
2020-12-05,25333,19,4061,0,60,68977400
2020-12-06,25410,14,4075,0,60,68977400
2020-12-07,25487,21,4096,0,60,68977400
2020-12-08,25564,19,4115,0,60,68977400
2020-12-09,25641,25,4140,0,60,68977400
2020-12-10,25718,18,4158,0,60,68977400
2020-12-11,25795,11,4169,0,60,68977400
2020-12-12,25872,12,4181,0,60,68977400
2020-12-13,25949,17,4198,0,60,68977400
2020-12-14,26026,28,4226,0,60,68977400
2020-12-15,26103,9,4235,0,60,68977400
2020-12-16,26180,15,4250,0,60,68977400
2020-12-17,26257,20,4270,0,60,68977400
2020-12-18,26334,16,4286,0,60,68977400
2020-12-19,26411,34,4320,0,60,68977400
2020-12-20,26488,576,4896,0,60,68977400
2020-12-21,26565,382,5278,0,60,68977400
2020-12-22,26642,427,5705,0,60,68977400
2020-12-23,26719,46,5751,0,60,68977400
2020-12-24,26796,67,5818,0,60,68977400
2020-12-25,26873,81,5899,0,60,68977400
2020-12-26,26950,110,6009,0,60,68977400
2020-12-27,27027,120,6129,0,60,68977400
2020-12-28,27104,144,6273,0,60,68977400
2020-12-29,27181,155,6428,1,61,68977400
2020-12-30,27258,250,6678,0,61,68977400
2020-12-31,27335,194,6872,0,61,68977400
2021-01-01,27412,279,7151,2,63,68977400
2021-01-02,27489,216,7367,1,64,68977400
2021-01-03,27566,315,7682,0,64,68977400
2021-01-04,27643,745,8427,1,65,68977400
2021-01-05,27720,527,8954,1,66,68977400
2021-01-06,27797,365,9319,1,67,68977400
2021-01-07,27874,305,9624,1,68,68977400
2021-01-08,27951,205,9829,0,68,68977400
2021-01-09,28028,212,10041,0,68,68977400
2021-01-10,28105,245,10286,0,68,68977400
2021-01-11,28182,249,10535,0,68,68977400
2021-01-12,28259,287,10822,0,68,68977400
2021-01-13,28336,157,10979,0,68,68977400
2021-01-14,28413,271,11250,2,70,68977400
2021-01-15,28490,188,11438,0,70,68977400
2021-01-16,28567,230,11668,1,71,68977400
2021-01-17,28644,374,12042,0,71,68977400
2021-01-18,28721,369,12411,1,72,68977400
2021-01-19,28798,171,12582,0,72,68977400
2021-01-20,28875,59,12641,0,72,68977400
2021-01-21,28952,142,12783,0,72,68977400
2021-01-22,29029,309,13092,0,72,68977400
2021-01-23,29106,198,13290,1,73,68977400
2021-01-24,29183,198,13488,3,76,68977400
2021-01-25,29260,187,13675,0,76,68977400
2021-01-26,29337,959,14634,0,76,68977400
2021-01-27,29414,819,15453,1,77,68977400
2021-01-28,29491,756,16209,0,77,68977400
2021-01-29,29568,802,17011,0,77,68977400
2021-01-30,29645,930,17941,0,77,68977400
2021-01-31,29722,829,18770,0,77,68977400
2021-02-01,29799,836,19606,1,78,68977400
2021-02-02,29876,836,20442,1,79,68977400
2021-02-03,29953,795,21237,0,79,68977400
2021-02-04,30030,809,22046,0,79,68977400
2021-02-05,30107,586,22632,0,79,68977400
2021-02-06,30184,490,23122,0,79,68977400
2021-02-07,30261,237,23359,0,79,68977400
2021-02-08,30338,186,23545,1,80,68977400
2021-02-09,30415,189,23734,0,80,68977400
2021-02-10,30492,157,23891,0,80,68977400
2021-02-11,30569,201,24092,0,80,68977400
2021-02-12,30646,175,24267,0,80,68977400
2021-02-13,30723,126,24393,0,80,68977400
2021-02-14,30800,166,24559,0,80,68977400
2021-02-15,30877,143,24702,2,82,68977400
2021-02-16,30954,72,24774,0,82,68977400
2021-02-17,31031,175,24949,0,82,68977400
2021-02-18,31108,150,25099,0,82,68977400
2021-02-19,31185,130,25229,1,83,68977400
2021-02-20,31262,82,25311,0,83,68977400
2021-02-21,31339,92,25403,0,83,68977400
2021-02-22,31416,89,25492,0,83,68977400
2021-02-23,31493,95,25587,0,83,68977400
2021-02-24,31570,93,25680,0,83,68977400
2021-02-25,31647,72,25752,0,83,68977400
2021-02-26,31724,45,25797,0,83,68977400
2021-02-27,31801,72,25869,0,83,68977400
2021-02-28,31878,70,25939,0,83,68977400
2021-03-01,31955,80,26019,1,84,68977400
2021-03-02,32032,42,26061,0,84,68977400
2021-03-03,32109,35,26096,1,85,68977400
2021-03-04,32186,54,26150,0,85,68977400
2021-03-05,32263,79,26229,0,85,68977400
2021-03-06,32340,64,26293,0,85,68977400
2021-03-07,32417,65,26358,0,85,68977400
2021-03-08,32494,71,26429,0,85,68977400
2021-03-09,32571,60,26489,0,85,68977400
2021-03-10,32648,39,26528,0,85,68977400
2021-03-11,32725,58,26586,0,85,68977400
2021-03-12,32802,81,26667,1,86,68977400
2021-03-13,32879,78,26745,1,87,68977400
2021-03-14,32956,170,26915,0,87,68977400
2021-03-15,33033,78,26993,0,87,68977400
2021-03-16,33110,149,27142,1,88,68977400
2021-03-17,33187,246,27388,2,90,68977400
2021-03-18,33264,92,27480,0,90,68977400
2021-03-19,33341,100,27580,0,90,68977400
2021-03-20,33418,121,27701,0,90,68977400
2021-03-21,33495,90,27791,0,90,68977400
2021-03-22,33572,73,27864,1,91,68977400
2021-03-23,33649,401,28265,1,92,68977400
2021-03-24,33726,69,28334,0,92,68977400
2021-03-25,33803,97,28431,0,92,68977400
2021-03-26,33880,134,28565,1,93,68977400
2021-03-27,33957,80,28645,1,94,68977400
2021-03-28,34034,77,28722,0,94,68977400
2021-03-29,34111,39,28761,0,94,68977400
2021-03-30,34188,48,28809,0,94,68977400
2021-03-31,34265,42,28851,0,94,68977400
2021-04-01,34342,26,28877,0,94,68977400
2021-04-02,34419,58,28935,0,94,68977400
2021-04-03,34496,84,29019,1,95,68977400
2021-04-04,34573,96,29115,0,95,68977400
2021-04-05,34650,194,29309,0,95,68977400
2021-04-06,34727,250,29559,0,95,68977400
2021-04-07,34804,334,29893,0,95,68977400
2021-04-08,34881,405,30298,0,95,68977400
2021-04-09,34958,559,30857,1,96,68977400
2021-04-10,35035,789,31646,1,97,68977400
2021-04-11,35112,967,32613,0,97,68977400
2021-04-12,35189,985,33598,0,97,68977400
2021-04-13,35266,965,34563,0,97,68977400
2021-04-14,35343,1338,35901,0,97,68977400
2021-04-15,35420,1543,37444,0,97,68977400
2021-04-16,35497,1582,39026,3,100,68977400
2021-04-17,35574,1446,40472,0,100,68977400
2021-04-18,35651,1727,42199,1,101,68977400
2021-04-19,35728,1390,43589,3,104,68977400
2021-04-20,35805,1443,45032,4,108,68977400
2021-04-21,35882,1458,46490,2,110,68977400
2021-04-22,35959,1470,47960,7,117,68977400
2021-04-23,36036,2070,50030,4,121,68977400
2021-04-24,36113,2839,52869,8,129,68977400
2021-04-25,36190,2438,55307,11,140,68977400
2021-04-26,36267,2048,57355,8,148,68977400
2021-04-27,36344,2179,59534,15,163,68977400
2021-04-28,36421,2012,61546,15,178,68977400
2021-04-29,36498,1871,63417,10,188,68977400
2021-04-30,36575,1583,65000,15,203,68977400
2021-05-01,36652,1891,66891,21,224,68977400
2021-05-02,36729,1940,68831,21,245,68977400
2021-05-03,36806,2041,70872,31,276,68977400
2021-05-04,36883,1763,72635,27,303,68977400
2021-05-05,36960,2112,74747,15,318,68977400
2021-05-06,37037,1911,76658,18,336,68977400
2021-05-07,37114,2044,78702,27,363,68977400
2021-05-08,37191,2419,81121,19,382,68977400
2021-05-09,37268,2101,83222,17,399,68977400
2021-05-10,37345,1630,84852,22,421,68977400
2021-05-11,37422,1919,86771,31,452,68977400
2021-05-12,37499,1983,88754,34,486,68977400
2021-05-13,37576,4887,93641,32,518,68977400
2021-05-14,37653,2256,95897,30,548,68977400
2021-05-15,37730,3095,98992,17,565,68977400
2021-05-16,37807,2302,101294,24,589,68977400
2021-05-17,37884,9635,110929,25,614,68977400
2021-05-18,37961,2473,113402,35,649,68977400
2021-05-19,38038,3394,116796,29,678,68977400
2021-05-20,38115,2636,119432,25,703,68977400
2021-05-21,38192,3481,122913,32,735,68977400
2021-05-22,38269,3052,125965,24,759,68977400
2021-05-23,38346,3382,129347,17,776,68977400
2021-05-24,38423,2713,132060,30,806,68977400
2021-05-25,38500,3226,135286,26,832,68977400
2021-05-26,38577,2455,137741,41,873,68977400
2021-05-27,38654,3323,141064,47,920,68977400
2021-05-28,38731,3759,144823,34,954,68977400
2021-05-29,38808,4803,149626,34,988,68977400
2021-05-30,38885,4528,154154,24,1012,68977400
2021-05-31,38962,5485,159639,19,1031,68977400
2021-06-01,39039,2230,161869,38,1069,68977400
2021-06-02,39116,3440,165309,38,1107,68977400
2021-06-03,39193,3886,169195,39,1146,68977400
2021-06-04,39270,2631,171826,31,1177,68977400
2021-06-05,39347,2817,174643,36,1213,68977400
2021-06-06,39424,2671,177314,23,1236,68977400
2021-06-07,39501,2419,179733,33,1269,68977400
2021-06-08,39578,2662,182395,29,1298,68977400
2021-06-09,39655,2680,185075,34,1332,68977400
2021-06-10,39732,2310,187385,43,1375,68977400
2021-06-11,39809,2290,189675,27,1402,68977400
2021-06-12,39886,3277,192952,29,1431,68977400
2021-06-13,39963,2804,195756,18,1449,68977400
2021-06-14,40040,3355,199111,17,1466,68977400
2021-06-15,40117,3000,202111,19,1485,68977400
2021-06-16,40194,2331,204442,40,1525,68977400
2021-06-17,40271,3129,207571,30,1555,68977400
2021-06-18,40348,3058,210629,22,1577,68977400
2021-06-19,40425,3667,214296,32,1609,68977400
2021-06-20,40502,3682,217978,20,1629,68977400
2021-06-21,40579,3175,221153,29,1658,68977400
2021-06-22,40656,4059,225212,35,1693,68977400
2021-06-23,40733,3174,228386,51,1744,68977400
2021-06-24,40810,4108,232494,31,1775,68977400
2021-06-25,40887,3644,236138,44,1819,68977400
2021-06-26,40964,4160,240298,51,1870,68977400
2021-06-27,41041,3996,244294,42,1912,68977400
2021-06-28,41118,5406,249700,22,1934,68977400
2021-06-29,41195,4662,254362,36,1970,68977400
2021-06-30,41272,4786,259148,53,2023,68977400
2021-07-01,41349,5533,264681,57,2080,68977400
2021-07-02,41426,6087,270768,61,2141,68977400
2021-07-03,41503,6230,276998,41,2182,68977400
2021-07-04,41580,5916,282914,44,2226,68977400
2021-07-05,41657,6166,289080,50,2276,68977400
2021-07-06,41734,5420,294500,57,2333,68977400
2021-07-07,41811,6519,301019,54,2387,68977400
2021-07-08,41888,7058,308077,75,2462,68977400
2021-07-09,41965,9276,317353,72,2534,68977400
2021-07-10,42042,9326,326679,91,2625,68977400
2021-07-11,42119,9539,336218,86,2711,68977400
2021-07-12,42196,8656,344874,80,2791,68977400
2021-07-13,42273,8685,353559,56,2847,68977400
2021-07-14,42350,9317,362876,87,2934,68977400
2021-07-15,42427,9186,372062,98,3032,68977400
2021-07-16,42504,9692,381754,67,3099,68977400
2021-07-17,42581,10082,391836,141,3240,68977400
2021-07-18,42658,11397,403233,101,3341,68977400
2021-07-19,42735,11784,415017,81,3422,68977400
2021-07-20,42812,11305,426322,80,3502,68977400
2021-07-21,42889,13002,439324,108,3610,68977400
2021-07-22,42966,13655,452979,87,3697,68977400
2021-07-23,43043,14575,467554,114,3811,68977400
2021-07-24,43120,14260,481814,119,3930,68977400
2021-07-25,43197,15335,497149,129,4059,68977400
2021-07-26,43274,15376,512525,87,4146,68977400
2021-07-27,43351,14150,526675,118,4264,68977400
2021-07-28,43428,16533,543208,133,4397,68977400
2021-07-29,43505,17669,560877,165,4562,68977400
2021-07-30,43582,17345,578222,117,4679,68977400
2021-07-31,43659,18912,597134,178,4857,68977400
2021-08-01,43736,18027,615161,133,4990,68977400
2021-08-02,43813,17970,633131,178,5168,68977400
2021-08-03,43890,18901,652032,147,5315,68977400
2021-08-04,43967,20200,672232,188,5503,68977400
2021-08-05,44044,20920,693152,160,5663,68977400
2021-08-06,44121,21379,714531,191,5854,68977400
2021-08-07,44198,21838,736369,212,6066,68977400
2021-08-08,44275,19983,756352,138,6204,68977400
2021-08-09,44352,19603,775955,149,6353,68977400
2021-08-10,44429,19843,795798,235,6588,68977400
2021-08-11,44506,21038,816836,207,6795,68977400
2021-08-12,44583,22782,839618,147,6942,68977400
2021-08-13,44660,23418,863036,184,7126,68977400
2021-08-14,44737,22086,885122,217,7343,68977400
2021-08-15,44814,21882,907004,209,7552,68977400
2021-08-16,44891,21157,928161,182,7734,68977400
2021-08-17,44968,20128,948289,239,7973,68977400
2021-08-18,45045,20515,968804,312,8285,68977400
2021-08-19,45122,20902,989706,301,8586,68977400
2021-08-20,45199,19851,1009557,240,8826,68977400
2021-08-21,45276,20571,1030128,261,9087,68977400
2021-08-22,45353,19014,1049142,233,9320,68977400
2021-08-23,45430,17491,1066633,242,9562,68977400
2021-08-24,45507,17165,1083798,226,9788,68977400
2021-08-25,45584,18417,1102215,297,10085,68977400
2021-08-26,45661,18501,1120716,229,10314,68977400
2021-08-27,45738,18702,1139418,273,10587,68977400
2021-08-28,45815,17984,1157402,292,10879,68977400
2021-08-29,45892,16536,1173938,264,11143,68977400
2021-08-30,45969,15972,1189910,256,11399,68977400
2021-08-31,46046,14666,1204576,190,11589,68977400
2021-09-01,46123,14802,1219378,252,11841,68977400
2021-09-02,46200,14956,1234334,262,12103,68977400
2021-09-03,46277,14653,1248987,271,12374,68977400
2021-09-04,46354,15942,1264929,257,12631,68977400
2021-09-05,46431,15452,1280381,224,12855,68977400
2021-09-06,46508,13988,1294369,187,13042,68977400
2021-09-07,46585,13821,1308190,241,13283,68977400
2021-09-08,46662,14176,1322366,228,13511,68977400
2021-09-09,46739,16031,1338397,220,13731,68977400
2021-09-10,46816,14403,1352800,189,13920,68977400
2021-09-11,46893,15191,1367991,253,14173,68977400
2021-09-12,46970,14029,1382020,180,14353,68977400
2021-09-13,47047,12583,1394603,132,14485,68977400
2021-09-14,47124,11786,1406389,136,14621,68977400
2021-09-15,47201,13798,1420187,144,14765,68977400
2021-09-16,47278,13897,1434084,188,14953,68977400
2021-09-17,47355,14555,1448639,171,15124,68977400
2021-09-18,47432,14109,1462748,122,15246,68977400
2021-09-19,47509,13576,1476324,117,15363,68977400
2021-09-20,47586,12709,1489033,106,15469,68977400
2021-09-21,47663,10919,1499952,143,15612,68977400
2021-09-22,47740,11252,1511204,141,15753,68977400
2021-09-23,47817,13256,1524460,131,15884,68977400
2021-09-24,47894,12697,1537157,132,16016,68977400
2021-09-25,47971,11975,1549132,124,16140,68977400
2021-09-26,48048,12353,1561485,125,16265,68977400
2021-09-27,48125,10288,1571773,101,16366,68977400
2021-09-28,48202,9489,1581262,129,16495,68977400
2021-09-29,48279,10414,1591676,122,16617,68977400
2021-09-30,48356,11646,1603322,107,16724,68977400
2021-10-01,48433,11754,1615076,123,16847,68977400
2021-10-02,48510,11375,1626451,87,16934,68977400
2021-10-03,48587,10828,1637279,77,17011,68977400
2021-10-04,48664,9930,1647209,97,17108,68977400
2021-10-05,48741,9869,1657078,92,17200,68977400
2021-10-06,48818,9866,1666944,102,17302,68977400
2021-10-07,48895,11200,1678144,113,17415,68977400
2021-10-08,48972,11140,1689284,116,17531,68977400
2021-10-09,49049,10630,1699914,73,17604,68977400
2021-10-10,49126,10817,1710731,84,17688,68977400
2021-10-11,49203,10035,1720766,60,17748,68977400
2021-10-12,49280,9445,1730211,73,17821,68977400
2021-10-13,49357,10064,1740275,68,17889,68977400
2021-10-14,49434,11276,1751551,112,18001,68977400
2021-10-15,49511,10486,1762037,94,18095,68977400
2021-10-16,49588,10648,1772685,82,18177,68977400
2021-10-17,49665,10863,1783548,68,18245,68977400
2021-10-18,49742,10111,1793659,63,18308,68977400
2021-10-19,49819,9122,1802781,71,18379,68977400
2021-10-20,49896,8918,1811699,79,18458,68977400
2021-10-21,49973,9727,1821426,73,18531,68977400
2021-10-22,50050,9810,1831236,66,18597,68977400
2021-10-23,50127,9742,1840978,74,18671,68977400
2021-10-24,50204,9351,1850329,56,18727,68977400
2021-10-25,50281,8675,1859004,44,18771,68977400
2021-10-26,50358,7706,1866710,66,18837,68977400
2021-10-27,50435,8452,1875162,57,18894,68977400
2021-10-28,50512,9658,1884820,84,18978,68977400
2021-10-29,50589,8968,1893788,64,19042,68977400
2021-10-30,50666,9224,1903012,88,19130,68977400
2021-10-31,50743,8859,1911871,47,19177,68977400
2021-11-01,50820,8165,1920036,55,19232,68977400
2021-11-02,50897,7574,1927610,78,19310,68977400
2021-11-03,50974,7679,1935289,56,19366,68977400
2021-11-04,51051,7982,1943271,68,19434,68977400
2021-11-05,51128,8148,1951419,80,19514,68977400
2021-11-06,51205,8467,1959886,69,19583,68977400
2021-11-07,51282,7960,1967846,53,19636,68977400
2021-11-08,51359,7592,1975438,39,19675,68977400
2021-11-09,51436,6904,1982342,61,19736,68977400
2021-11-10,51513,6978,1989320,62,19798,68977400
2021-11-11,51590,7496,1996816,57,19855,68977400
2021-11-12,51667,7305,2004121,51,19906,68977400
2021-11-13,51744,7057,2011178,55,19961,68977400
2021-11-14,51821,7079,2018257,47,20008,68977400
2021-11-15,51898,6343,2024600,45,20053,68977400
2021-11-16,51975,5947,2030547,62,20115,68977400
2021-11-17,52052,6524,2037071,56,20171,68977400
2021-11-18,52129,6901,2043972,55,20226,68977400
2021-11-19,52206,6855,2050827,51,20277,68977400
2021-11-20,52283,6595,2057422,53,20330,68977400
2021-11-21,52360,7006,2064428,29,20359,68977400
2021-11-22,52437,6428,2070856,49,20408,68977400
2021-11-23,52514,5126,2075982,53,20461,68977400
2021-11-24,52591,5857,2081839,55,20516,68977400
2021-11-25,52668,6335,2088174,37,20553,68977400
2021-11-26,52745,6559,2094733,64,20617,68977400
2021-11-27,52822,6073,2100806,32,20649,68977400
2021-11-28,52899,5854,2106660,30,20679,68977400
2021-11-29,52976,4753,2111413,27,20706,68977400
2021-11-30,53053,4306,2115719,37,20743,68977400
2021-12-01,53130,4886,2120605,43,20786,68977400
2021-12-02,53207,4971,2125576,33,20819,68977400
2021-12-03,53284,4912,2130488,33,20852,68977400
2021-12-04,53361,5896,2136384,37,20889,68977400
2021-12-05,53438,4704,2141088,27,20916,68977400
2021-12-06,53515,4000,2145088,22,20938,68977400
2021-12-07,53592,3525,2148613,31,20969,68977400
2021-12-08,53669,3618,2152231,38,21007,68977400
2021-12-09,53746,4203,2156434,49,21056,68977400
2021-12-10,53823,4193,2160627,28,21084,68977400
2021-12-11,53900,4079,2164706,39,21123,68977400
2021-12-12,53977,3787,2168493,20,21143,68977400
2021-12-13,54054,3398,2171891,23,21166,68977400
2021-12-14,54131,2862,2174753,37,21203,68977400
2021-12-15,54208,3370,2178123,29,21232,68977400
2021-12-16,54285,3684,2181807,26,21258,68977400
2021-12-17,54362,3537,2185344,41,21299,68977400
2021-12-18,54439,3132,2188476,28,21327,68977400
2021-12-19,54516,2899,2191375,22,21349,68977400
2021-12-20,54593,2525,2193900,31,21380,68977400
2021-12-21,54670,2476,2196376,32,21412,68977400
2021-12-22,54747,2532,2198908,31,21443,68977400
2021-12-23,54824,2940,2201848,30,21473,68977400
2021-12-24,54901,2671,2204519,27,21500,68977400
2021-12-25,54978,2766,2207285,30,21530,68977400
2021-12-26,55055,3011,2226273,10,21708,68977400
2022-01-02,55132,34593,2260866,105,21813,68977400
2022-01-09,55209,55369,2316235,103,21916,68977400
2022-01-16,55286,53406,2369641,103,22019,68977400
2022-01-23,55363,54276,2423917,126,22145,68977400
2022-01-30,55440,62032,2485949,126,22271,68977400
2022-02-06,55517,91323,2577272,141,22412,68977400
2022-02-13,55594,115917,2693189,182,22594,68977400
2022-02-20,55671,151535,2844724,255,22849,68977400
2022-02-27,55748,159917,3004641,327,23176,68977400
2022-03-06,55825,156427,3161068,467,23643,68977400
2022-03-13,55902,167732,3328800,519,24162,68977400
2022-03-20,55979,174291,3503091,553,24715,68977400
2022-03-27,56056,181491,3684582,603,25318,68977400
2022-04-03,56133,173591,3858173,657,25975,68977400
2022-04-10,56210,153838,4012011,779,26754,68977400
2022-04-17,56287,135906,4147917,895,27649,68977400
2022-04-24,56364,102859,4250776,877,28526,68977400
2022-05-01,56441,65820,4316596,508,29034,68977400
2022-05-08,56518,50983,4367579,387,29421,68977400
2022-05-15,56595,39003,4406582,294,29715,68977400
2022-05-22,56672,32244,4438826,233,29948,68977400
2022-05-29,56749,24558,4463384,195,30143,68977400
2022-06-05,56826,18832,4482216,171,30314,68977400
2022-06-12,56903,14763,4496979,131,30445,68977400
2022-06-19,56980,14625,4511604,130,30575,68977400
2022-06-26,57057,16000,4527604,106,30681,68977400
2022-07-03,57134,15262,4542866,132,30813,68977400
2022-07-10,57211,13962,4556828,165,30978,68977400
2022-07-17,57288,16462,4573290,149,31127,68977400
2022-07-24,57365,15049,4588339,232,31359,68977400
2022-07-31,57442,14847,4603186,202,31561,68977400
2022-08-07,57519,15293,4618479,237,31798,68977400
2022-08-14,57596,13560,4632039,202,32000,68977400
2022-08-21,57673,12431,4644470,195,32195,68977400
2022-08-28,57750,12268,4656738,180,32375,68977400
2022-09-04,57827,9542,4666280,145,32520,68977400
2022-09-11,57904,6457,4672737,97,32617,68977400
2022-09-18,57981,4787,4677524,89,32706,68977400
2022-09-25,58058,4435,4681959,65,32771,68977400
2022-10-02,58135,2915,4684874,58,32829,68977400
2022-10-09,58212,2234,4687108,53,32882,68977400
2022-10-16,58289,2616,4689724,40,32922,68977400
2022-10-23,58366,2551,4692275,33,32955,68977400
2022-10-30,58443,2739,4695014,40,32995,68977400
2022-11-06,58520,3163,4698177,42,33037,68977400
2022-11-13,58597,3940,4702117,69,33106,68977400
2022-11-20,58674,4894,4707011,74,33180,68977400
2022-11-27,58751,4268,2488017,105,11587,68977400
2022-12-04,58828,3961,2491978,107,11694,68977400
2022-12-11,58905,3419,2495397,113,11807,68977400
2022-12-18,58982,2900,2498297,89,11896,68977400
2022-12-25,59059,2111,2500408,75,11971,68977400
